{"version": "1", "message": "ERROR: Hidden Testcases server unreachable.", "problem_id": "ads2_m4_a1_1", "user_id": "nikhitha goli 20186105", "score": {"sample": {"0": {"execution_time": 0.13364148139953613, "passed": false}, "1": {"execution_time": 0.18550372123718262, "passed": false}, "2": {"execution_time": 0.19691133499145508, "passed": false}, "3": {"execution_time": 0.16782498359680176, "passed": false}, "4": {"execution_time": 0.13580679893493652, "passed": false}, "5": {"execution_time": 0.12769269943237305, "passed": false}, "6": {"execution_time": 0.1586167812347412, "passed": false}, "7": {"execution_time": 0.13164615631103516, "passed": false}, "8": {"execution_time": 0.11673259735107422, "passed": false}, "9": {"execution_time": 0.12182235717773438, "passed": false}, "10": {"execution_time": 0.11938619613647461, "passed": false}, "11": {"execution_time": 0.1226344108581543, "passed": false}, "12": {"execution_time": 0.12102794647216797, "passed": false}, "13": {"execution_time": 0.6371262073516846, "passed": false}, "14": {"execution_time": 0.11973166465759277, "passed": false}}}, "check_style_score": "0/1"}