{"version": "1", "message": "ERROR: Hidden Testcases server unreachable.", "problem_id": "ads2_m4_a1_1", "user_id": "nikhitha goli 20186105", "score": {"sample": {"0": {"execution_time": 0.15242624282836914, "passed": true}, "1": {"execution_time": 0.12587213516235352, "passed": false}, "2": {"execution_time": 0.14315271377563477, "passed": false}, "3": {"execution_time": 0.1507127285003662, "passed": false}, "4": {"execution_time": 0.1266312599182129, "passed": false}, "5": {"execution_time": 0.16080331802368164, "passed": false}, "6": {"execution_time": 0.12697076797485352, "passed": false}, "7": {"execution_time": 0.12187790870666504, "passed": false}, "8": {"execution_time": 0.15052175521850586, "passed": true}, "9": {"execution_time": 0.13741517066955566, "passed": false}, "10": {"execution_time": 0.16043519973754883, "passed": false}, "11": {"execution_time": 0.13369393348693848, "passed": false}, "12": {"execution_time": 0.13072776794433594, "passed": false}, "13": {"execution_time": 0.13454937934875488, "passed": false}, "14": {"execution_time": 0.12887835502624512, "passed": false}}}, "check_style_score": "0/1"}