{"version": "1", "message": "ERROR: Hidden Testcases server unreachable.", "problem_id": "ads2_m4_a1_1", "user_id": "nikhitha goli 20186105", "score": {"sample": {"0": {"execution_time": 0.21001863479614258, "passed": true}, "1": {"execution_time": 0.20641541481018066, "passed": true}, "2": {"execution_time": 0.20950579643249512, "passed": true}, "3": {"execution_time": 0.3849301338195801, "passed": true}, "4": {"execution_time": 0.2619493007659912, "passed": true}, "5": {"execution_time": 0.26781320571899414, "passed": true}, "6": {"execution_time": 0.26061248779296875, "passed": true}, "7": {"execution_time": 0.29485416412353516, "passed": true}, "8": {"execution_time": 0.2775886058807373, "passed": true}, "9": {"execution_time": 0.2654440402984619, "passed": true}, "10": {"execution_time": 0.21748900413513184, "passed": true}, "11": {"execution_time": 0.255634069442749, "passed": true}, "12": {"execution_time": 0.2435448169708252, "passed": true}, "13": {"execution_time": 3.0593128204345703, "passed": false}, "14": {"execution_time": 0.2045891284942627, "passed": true}}}, "check_style_score": "0/1"}