{"version": "1", "message": "ERROR: Hidden Testcases server unreachable.", "problem_id": "ads2_m4_a1_1", "user_id": "nikhitha goli 20186105", "score": {"sample": {"0": {"execution_time": 0.0999758243560791, "passed": true}, "1": {"execution_time": 0.1003103256225586, "passed": false}, "2": {"execution_time": 0.11053156852722168, "passed": false}, "3": {"execution_time": 0.10013604164123535, "passed": false}, "4": {"execution_time": 0.11556649208068848, "passed": false}, "5": {"execution_time": 0.11197423934936523, "passed": false}, "6": {"execution_time": 0.11585426330566406, "passed": false}, "7": {"execution_time": 0.11567473411560059, "passed": false}, "8": {"execution_time": 0.11479544639587402, "passed": true}, "9": {"execution_time": 0.10641860961914062, "passed": true}, "10": {"execution_time": 0.11590838432312012, "passed": true}, "11": {"execution_time": 0.11729836463928223, "passed": false}, "12": {"execution_time": 0.10648751258850098, "passed": false}, "13": {"execution_time": 0.09431195259094238, "passed": false}, "14": {"execution_time": 0.11590838432312012, "passed": true}}}, "check_style_score": "0/1"}