{"version": "1", "message": "ERROR: Hidden Testcases server unreachable.", "problem_id": "ads2_m4_a1_1", "user_id": "nikhitha goli 20186105", "score": {"sample": {"0": {"execution_time": 0.13663649559020996, "passed": true}, "1": {"execution_time": 0.13628840446472168, "passed": true}, "2": {"execution_time": 0.16530513763427734, "passed": true}, "3": {"execution_time": 0.1862931251525879, "passed": true}, "4": {"execution_time": 0.11153435707092285, "passed": true}, "5": {"execution_time": 0.11568975448608398, "passed": true}, "6": {"execution_time": 0.12218284606933594, "passed": true}, "7": {"execution_time": 0.1316084861755371, "passed": true}, "8": {"execution_time": 0.13866186141967773, "passed": true}, "9": {"execution_time": 0.12765955924987793, "passed": true}, "10": {"execution_time": 0.13164591789245605, "passed": true}, "11": {"execution_time": 0.12925314903259277, "passed": true}, "12": {"execution_time": 0.11369657516479492, "passed": true}, "13": {"execution_time": 2.8187410831451416, "passed": false}, "14": {"execution_time": 0.11600184440612793, "passed": true}}}, "check_style_score": "0/1"}