{"version": "1", "message": "ERROR: Hidden Testcases server unreachable.", "problem_id": "ads2_m4_a1_1", "user_id": "nikhitha goli 20186105", "score": {"sample": {"0": {"execution_time": 0.11896085739135742, "passed": true}, "1": {"execution_time": 0.1271059513092041, "passed": true}, "2": {"execution_time": 0.17558836936950684, "passed": true}, "3": {"execution_time": 0.1936647891998291, "passed": true}, "4": {"execution_time": 0.13321399688720703, "passed": true}, "5": {"execution_time": 0.1110072135925293, "passed": true}, "6": {"execution_time": 0.11299705505371094, "passed": true}, "7": {"execution_time": 0.1160287857055664, "passed": true}, "8": {"execution_time": 0.12978124618530273, "passed": true}, "9": {"execution_time": 0.11867308616638184, "passed": true}, "10": {"execution_time": 0.11490058898925781, "passed": true}, "11": {"execution_time": 0.10978150367736816, "passed": true}, "12": {"execution_time": 0.11554694175720215, "passed": true}, "13": {"execution_time": 3.091132164001465, "passed": false}, "14": {"execution_time": 0.32431936264038086, "passed": true}}}, "check_style_score": "0/1"}