{"version": "1", "message": "ERROR: Hidden Testcases server unreachable.", "problem_id": "ads2_m4_a1_1", "user_id": "nikhitha goli 20186105", "score": {"sample": {"0": {"execution_time": 0.13120675086975098, "passed": true}, "1": {"execution_time": 0.11655211448669434, "passed": false}, "2": {"execution_time": 0.11552715301513672, "passed": false}, "3": {"execution_time": 0.10343360900878906, "passed": false}, "4": {"execution_time": 0.11568093299865723, "passed": false}, "5": {"execution_time": 0.11556720733642578, "passed": false}, "6": {"execution_time": 0.11166715621948242, "passed": false}, "7": {"execution_time": 0.1003870964050293, "passed": false}, "8": {"execution_time": 0.11534953117370605, "passed": true}, "9": {"execution_time": 0.11733317375183105, "passed": false}, "10": {"execution_time": 0.11577486991882324, "passed": false}, "11": {"execution_time": 0.09958744049072266, "passed": false}, "12": {"execution_time": 0.11561131477355957, "passed": false}, "13": {"execution_time": 0.11576223373413086, "passed": false}, "14": {"execution_time": 0.10663700103759766, "passed": true}}}, "check_style_score": "0/1"}