{"version": "1", "message": "ERROR: Hidden Testcases server unreachable.", "problem_id": "ads2_m4_a1_1", "user_id": "nikhitha goli 20186105", "score": {"sample": {"0": {"execution_time": 0.10653185844421387, "passed": true}, "1": {"execution_time": 0.11628556251525879, "passed": true}, "2": {"execution_time": 0.15846776962280273, "passed": true}, "3": {"execution_time": 0.17838215827941895, "passed": true}, "4": {"execution_time": 0.10613417625427246, "passed": true}, "5": {"execution_time": 0.10115289688110352, "passed": true}, "6": {"execution_time": 0.10889649391174316, "passed": true}, "7": {"execution_time": 0.10567617416381836, "passed": true}, "8": {"execution_time": 0.12059736251831055, "passed": true}, "9": {"execution_time": 0.10184192657470703, "passed": true}, "10": {"execution_time": 0.116302490234375, "passed": true}, "11": {"execution_time": 0.12387609481811523, "passed": true}, "12": {"execution_time": 0.111236572265625, "passed": true}, "13": {"execution_time": 2.7662405967712402, "passed": false}, "14": {"execution_time": 0.10227584838867188, "passed": true}}}, "check_style_score": "0/1"}