{"version": "1", "message": "ERROR: Hidden Testcases server unreachable.", "problem_id": "ads2_m4_a1_1", "user_id": "nikhitha goli 20186105", "score": {"sample": {"0": {"execution_time": 0.11707329750061035, "passed": true}, "1": {"execution_time": 0.12571430206298828, "passed": false}, "2": {"execution_time": 0.16265082359313965, "passed": false}, "3": {"execution_time": 0.18482685089111328, "passed": false}, "4": {"execution_time": 0.12041902542114258, "passed": false}, "5": {"execution_time": 0.12203121185302734, "passed": false}, "6": {"execution_time": 0.10757970809936523, "passed": false}, "7": {"execution_time": 0.11568307876586914, "passed": false}, "8": {"execution_time": 0.10033249855041504, "passed": true}, "9": {"execution_time": 0.10896730422973633, "passed": true}, "10": {"execution_time": 0.11551523208618164, "passed": true}, "11": {"execution_time": 0.1345381736755371, "passed": true}, "12": {"execution_time": 0.10922718048095703, "passed": true}, "13": {"execution_time": 0.6965522766113281, "passed": false}, "14": {"execution_time": 0.11549806594848633, "passed": true}}}, "check_style_score": "0/1"}