{"version": "1", "message": "ERROR: Hidden Testcases server unreachable.", "problem_id": "ads2_m4_a1_1", "user_id": "nikhitha goli 20186105", "score": {"sample": {"0": {"execution_time": 0.12960314750671387, "passed": true}, "1": {"execution_time": 0.15477633476257324, "passed": true}, "2": {"execution_time": 0.20405840873718262, "passed": true}, "3": {"execution_time": 0.22844552993774414, "passed": true}, "4": {"execution_time": 0.10741472244262695, "passed": true}, "5": {"execution_time": 0.14335155487060547, "passed": true}, "6": {"execution_time": 0.12749171257019043, "passed": true}, "7": {"execution_time": 0.11410784721374512, "passed": true}, "8": {"execution_time": 0.11484670639038086, "passed": true}, "9": {"execution_time": 0.11044192314147949, "passed": true}, "10": {"execution_time": 0.12551641464233398, "passed": true}, "11": {"execution_time": 0.13408255577087402, "passed": true}, "12": {"execution_time": 0.13072848320007324, "passed": true}, "13": {"execution_time": 2.9313712120056152, "passed": false}, "14": {"execution_time": 0.18041276931762695, "passed": true}}}, "check_style_score": "0/1"}