{"version": "1", "message": "ERROR: Hidden Testcases server unreachable.", "problem_id": "ads2_m4_a1_1", "user_id": "nikhitha goli 20186105", "score": {"sample": {"0": {"execution_time": 0.11966848373413086, "passed": false}, "1": {"execution_time": 0.1294395923614502, "passed": false}, "2": {"execution_time": 0.15221095085144043, "passed": false}, "3": {"execution_time": 0.15155577659606934, "passed": false}, "4": {"execution_time": 0.10803365707397461, "passed": false}, "5": {"execution_time": 0.11178088188171387, "passed": false}, "6": {"execution_time": 0.10993361473083496, "passed": false}, "7": {"execution_time": 0.11000990867614746, "passed": false}, "8": {"execution_time": 0.1124258041381836, "passed": false}, "9": {"execution_time": 0.11198973655700684, "passed": false}, "10": {"execution_time": 0.11768651008605957, "passed": false}, "11": {"execution_time": 0.11853313446044922, "passed": false}, "12": {"execution_time": 0.12067818641662598, "passed": false}, "13": {"execution_time": 0.48575592041015625, "passed": false}, "14": {"execution_time": 0.11356902122497559, "passed": true}}}, "check_style_score": "0/1"}