{"version": "1", "message": "ERROR: Hidden Testcases server unreachable.", "problem_id": "ads2_m4_a1_1", "user_id": "nikhitha goli 20186105", "score": {"sample": {"0": {"execution_time": 0.16872239112854004, "passed": true}, "1": {"execution_time": 0.17547154426574707, "passed": true}, "2": {"execution_time": 0.2790493965148926, "passed": true}, "3": {"execution_time": 0.31311631202697754, "passed": true}, "4": {"execution_time": 0.23172712326049805, "passed": true}, "5": {"execution_time": 0.2810704708099365, "passed": true}, "6": {"execution_time": 0.21154356002807617, "passed": true}, "7": {"execution_time": 0.2706778049468994, "passed": true}, "8": {"execution_time": 0.23160767555236816, "passed": true}, "9": {"execution_time": 0.2132556438446045, "passed": true}, "10": {"execution_time": 0.23316216468811035, "passed": true}, "11": {"execution_time": 0.22785544395446777, "passed": true}, "12": {"execution_time": 0.2567861080169678, "passed": true}, "13": {"execution_time": 1.1267857551574707, "passed": true}, "14": {"execution_time": 0.24543476104736328, "passed": true}}}, "check_style_score": "1/1"}