{"version": "1", "message": "ERROR: Hidden Testcases server unreachable.", "problem_id": "ads2_m4_a1_1", "user_id": "nikhitha goli 20186105", "score": {"sample": {"0": {"execution_time": 0.2491438388824463, "passed": true}, "1": {"execution_time": 0.22386431694030762, "passed": true}, "2": {"execution_time": 0.29622864723205566, "passed": true}, "3": {"execution_time": 0.3639380931854248, "passed": true}, "4": {"execution_time": 0.19262409210205078, "passed": true}, "5": {"execution_time": 0.19701886177062988, "passed": true}, "6": {"execution_time": 0.23699593544006348, "passed": true}, "7": {"execution_time": 0.2443225383758545, "passed": true}, "8": {"execution_time": 0.2504293918609619, "passed": true}, "9": {"execution_time": 0.23416447639465332, "passed": true}, "10": {"execution_time": 0.2262430191040039, "passed": true}, "11": {"execution_time": 0.21885299682617188, "passed": true}, "12": {"execution_time": 0.23024320602416992, "passed": true}, "13": {"execution_time": 3.343526840209961, "passed": false}, "14": {"execution_time": 0.32500791549682617, "passed": true}}}, "check_style_score": "0/1"}