{"version": "1", "message": "ERROR: Hidden Testcases server unreachable.", "problem_id": "ads2_m4_a1_1", "user_id": "nikhitha goli 20186105", "score": {"sample": {"0": {"execution_time": 0.12402057647705078, "passed": true}, "1": {"execution_time": 0.16134262084960938, "passed": true}, "2": {"execution_time": 0.19048047065734863, "passed": true}, "3": {"execution_time": 0.27831459045410156, "passed": true}, "4": {"execution_time": 0.11916613578796387, "passed": true}, "5": {"execution_time": 0.16569089889526367, "passed": true}, "6": {"execution_time": 0.12246847152709961, "passed": true}, "7": {"execution_time": 0.12032389640808105, "passed": true}, "8": {"execution_time": 0.13065123558044434, "passed": true}, "9": {"execution_time": 0.12879514694213867, "passed": true}, "10": {"execution_time": 0.12720394134521484, "passed": true}, "11": {"execution_time": 0.13271427154541016, "passed": true}, "12": {"execution_time": 0.11809659004211426, "passed": true}, "13": {"execution_time": 2.9025516510009766, "passed": false}, "14": {"execution_time": 0.12265610694885254, "passed": true}}}, "check_style_score": "0/1"}