{"version": "1", "message": "ERROR: Hidden Testcases server unreachable.", "problem_id": "ads2_m4_a1_1", "user_id": "nikhitha goli 20186105", "score": {"sample": {"0": {"execution_time": 0.21399855613708496, "passed": true}, "1": {"execution_time": 0.21596264839172363, "passed": true}, "2": {"execution_time": 0.3212277889251709, "passed": true}, "3": {"execution_time": 0.2588474750518799, "passed": true}, "4": {"execution_time": 0.26364588737487793, "passed": true}, "5": {"execution_time": 0.21536993980407715, "passed": true}, "6": {"execution_time": 0.2271711826324463, "passed": true}, "7": {"execution_time": 0.24537134170532227, "passed": true}, "8": {"execution_time": 0.18932771682739258, "passed": true}, "9": {"execution_time": 0.1931314468383789, "passed": true}, "10": {"execution_time": 0.243605375289917, "passed": true}, "11": {"execution_time": 0.2745223045349121, "passed": true}, "12": {"execution_time": 0.18447518348693848, "passed": true}, "13": {"execution_time": 3.242794990539551, "passed": false}, "14": {"execution_time": 0.19035720825195312, "passed": true}}}, "check_style_score": "0/1"}