{"version": "1", "message": "ERROR: Hidden Testcases server unreachable.", "problem_id": "ads2_m4_a1_1", "user_id": "nikhitha goli 20186105", "score": {"sample": {"0": {"execution_time": 0.20027852058410645, "passed": false}, "1": {"execution_time": 0.10644698143005371, "passed": false}, "2": {"execution_time": 0.12205195426940918, "passed": false}, "3": {"execution_time": 0.11549234390258789, "passed": false}, "4": {"execution_time": 0.11570239067077637, "passed": false}, "5": {"execution_time": 0.11562585830688477, "passed": false}, "6": {"execution_time": 0.10645270347595215, "passed": false}, "7": {"execution_time": 0.10026121139526367, "passed": false}, "8": {"execution_time": 0.11591148376464844, "passed": false}, "9": {"execution_time": 0.10929250717163086, "passed": true}, "10": {"execution_time": 0.12235784530639648, "passed": true}, "11": {"execution_time": 0.1157987117767334, "passed": false}, "12": {"execution_time": 0.11950087547302246, "passed": false}, "13": {"execution_time": 0.11746668815612793, "passed": false}, "14": {"execution_time": 0.11582303047180176, "passed": false}}}, "check_style_score": "0/1"}