{"version": "1", "message": "ERROR: Hidden Testcases server unreachable.", "problem_id": "ads2_m4_a1_1", "user_id": "nikhitha goli 20186105", "score": {"sample": {"0": {"execution_time": 2.456645965576172, "passed": true}, "1": {"execution_time": 0.3892829418182373, "passed": true}, "2": {"execution_time": 0.4208188056945801, "passed": true}, "3": {"execution_time": 0.39919137954711914, "passed": true}, "4": {"execution_time": 0.2288985252380371, "passed": true}, "5": {"execution_time": 0.2517709732055664, "passed": true}, "6": {"execution_time": 0.2747805118560791, "passed": true}, "7": {"execution_time": 0.23302984237670898, "passed": true}, "8": {"execution_time": 0.2592170238494873, "passed": true}, "9": {"execution_time": 0.23185372352600098, "passed": true}, "10": {"execution_time": 0.23204898834228516, "passed": true}, "11": {"execution_time": 0.22977161407470703, "passed": true}, "12": {"execution_time": 0.23803138732910156, "passed": true}, "13": {"execution_time": 3.1268911361694336, "passed": true}, "14": {"execution_time": 0.2816953659057617, "passed": true}}}, "check_style_score": "0/1"}