{"version": "1", "message": "ERROR: Hidden Testcases server unreachable.", "problem_id": "ads2_m4_a1_1", "user_id": "nikhitha goli 20186105", "score": {"sample": {"0": {"execution_time": 0.2626967430114746, "passed": true}, "1": {"execution_time": 0.2849726676940918, "passed": true}, "2": {"execution_time": 0.24876165390014648, "passed": true}, "3": {"execution_time": 0.2972283363342285, "passed": true}, "4": {"execution_time": 0.22919034957885742, "passed": true}, "5": {"execution_time": 0.1865217685699463, "passed": true}, "6": {"execution_time": 0.20685648918151855, "passed": true}, "7": {"execution_time": 0.22033381462097168, "passed": true}, "8": {"execution_time": 0.24498367309570312, "passed": true}, "9": {"execution_time": 0.22847580909729004, "passed": true}, "10": {"execution_time": 0.18268966674804688, "passed": true}, "11": {"execution_time": 0.20886659622192383, "passed": true}, "12": {"execution_time": 0.2570037841796875, "passed": true}, "13": {"execution_time": 3.2124693393707275, "passed": false}, "14": {"execution_time": 0.20835638046264648, "passed": true}}}, "check_style_score": "0/1"}