{"version": "1", "message": "ERROR: Hidden Testcases server unreachable.", "problem_id": "ads2_m4_a1_1", "user_id": "nikhitha goli 20186105", "score": {"sample": {"0": {"execution_time": 0.1157536506652832, "passed": true}, "1": {"execution_time": 0.12017631530761719, "passed": false}, "2": {"execution_time": 0.14925646781921387, "passed": false}, "3": {"execution_time": 0.15329742431640625, "passed": false}, "4": {"execution_time": 0.11586737632751465, "passed": false}, "5": {"execution_time": 0.11575937271118164, "passed": false}, "6": {"execution_time": 0.11582112312316895, "passed": false}, "7": {"execution_time": 0.10645318031311035, "passed": false}, "8": {"execution_time": 0.12230086326599121, "passed": true}, "9": {"execution_time": 0.11574959754943848, "passed": false}, "10": {"execution_time": 0.13309836387634277, "passed": false}, "11": {"execution_time": 0.1314697265625, "passed": true}, "12": {"execution_time": 0.10428071022033691, "passed": true}, "13": {"execution_time": 0.6857678890228271, "passed": false}, "14": {"execution_time": 0.12094354629516602, "passed": false}}}, "check_style_score": "0/1"}