{"version": "1", "message": "ERROR: Hidden Testcases server unreachable.", "problem_id": "ads2_m4_a1_1", "user_id": "nikhitha goli 20186105", "score": {"sample": {"0": {"execution_time": 0.11738967895507812, "passed": true}, "1": {"execution_time": 0.13131070137023926, "passed": false}, "2": {"execution_time": 0.14152741432189941, "passed": false}, "3": {"execution_time": 0.16889023780822754, "passed": false}, "4": {"execution_time": 0.1313159465789795, "passed": false}, "5": {"execution_time": 0.11570215225219727, "passed": false}, "6": {"execution_time": 0.13139963150024414, "passed": false}, "7": {"execution_time": 0.13115978240966797, "passed": false}, "8": {"execution_time": 0.11562633514404297, "passed": true}, "9": {"execution_time": 0.09991621971130371, "passed": false}, "10": {"execution_time": 0.12172412872314453, "passed": false}, "11": {"execution_time": 0.13123202323913574, "passed": true}, "12": {"execution_time": 0.11562514305114746, "passed": true}, "13": {"execution_time": 0.9419693946838379, "passed": false}, "14": {"execution_time": 0.11582612991333008, "passed": false}}}, "check_style_score": "0/1"}