{"version": "1", "message": "ERROR: Hidden Testcases server unreachable.", "problem_id": "ads2_m4_a1_1", "user_id": "nikhitha goli 20186105", "score": {"sample": {"0": {"execution_time": 0.1655902862548828, "passed": true}, "1": {"execution_time": 0.20200324058532715, "passed": false}, "2": {"execution_time": 0.23541569709777832, "passed": false}, "3": {"execution_time": 0.22095346450805664, "passed": false}, "4": {"execution_time": 0.1200101375579834, "passed": false}, "5": {"execution_time": 0.1430058479309082, "passed": false}, "6": {"execution_time": 0.15500545501708984, "passed": false}, "7": {"execution_time": 0.12005925178527832, "passed": false}, "8": {"execution_time": 0.13747167587280273, "passed": true}, "9": {"execution_time": 0.11768484115600586, "passed": true}, "10": {"execution_time": 0.14461421966552734, "passed": true}, "11": {"execution_time": 0.1194448471069336, "passed": false}, "12": {"execution_time": 0.11787176132202148, "passed": false}, "13": {"execution_time": 0.7481379508972168, "passed": false}, "14": {"execution_time": 0.14062237739562988, "passed": true}}}, "check_style_score": "1/1"}