{"version": "1", "message": "ERROR: Hidden Testcases server unreachable.", "problem_id": "ads2_m4_a1_1", "user_id": "nikhitha goli 20186105", "score": {"sample": {"0": {"execution_time": 0.1188957691192627, "passed": true}, "1": {"execution_time": 0.11971068382263184, "passed": false}, "2": {"execution_time": 0.1409473419189453, "passed": false}, "3": {"execution_time": 0.18574213981628418, "passed": false}, "4": {"execution_time": 0.11771202087402344, "passed": false}, "5": {"execution_time": 0.11831092834472656, "passed": false}, "6": {"execution_time": 0.10490036010742188, "passed": false}, "7": {"execution_time": 0.11498379707336426, "passed": false}, "8": {"execution_time": 0.10410261154174805, "passed": true}, "9": {"execution_time": 0.11215591430664062, "passed": true}, "10": {"execution_time": 0.11876440048217773, "passed": true}, "11": {"execution_time": 0.12552571296691895, "passed": true}, "12": {"execution_time": 0.12398028373718262, "passed": true}, "13": {"execution_time": 0.8336431980133057, "passed": false}, "14": {"execution_time": 0.12441706657409668, "passed": true}}}, "check_style_score": "0/1"}