{"version": "1", "message": "ERROR: Hidden Testcases server unreachable.", "problem_id": "ads2_m4_a1_1", "user_id": "nikhitha goli 20186105", "score": {"sample": {"0": {"execution_time": 0.2147657871246338, "passed": true}, "1": {"execution_time": 0.167999267578125, "passed": false}, "2": {"execution_time": 0.20529651641845703, "passed": false}, "3": {"execution_time": 0.25301027297973633, "passed": false}, "4": {"execution_time": 0.11350369453430176, "passed": false}, "5": {"execution_time": 0.1329059600830078, "passed": false}, "6": {"execution_time": 0.12589144706726074, "passed": false}, "7": {"execution_time": 0.11603498458862305, "passed": false}, "8": {"execution_time": 0.11533308029174805, "passed": true}, "9": {"execution_time": 0.11701703071594238, "passed": true}, "10": {"execution_time": 0.1272737979888916, "passed": true}, "11": {"execution_time": 0.12188124656677246, "passed": true}, "12": {"execution_time": 0.1421046257019043, "passed": true}, "13": {"execution_time": 0.9434747695922852, "passed": false}, "14": {"execution_time": 0.15131640434265137, "passed": true}}}, "check_style_score": "0/1"}