{"version": "1", "message": "ERROR: Hidden Testcases server unreachable.", "problem_id": "ads2_m4_a1_1", "user_id": "nikhitha goli 20186105", "score": {"sample": {"0": {"execution_time": 0.6900179386138916, "passed": true}, "1": {"execution_time": 0.19370245933532715, "passed": true}, "2": {"execution_time": 0.17583370208740234, "passed": true}, "3": {"execution_time": 0.17429327964782715, "passed": true}, "4": {"execution_time": 0.11228537559509277, "passed": true}, "5": {"execution_time": 0.11243295669555664, "passed": true}, "6": {"execution_time": 0.14273643493652344, "passed": true}, "7": {"execution_time": 0.11369752883911133, "passed": true}, "8": {"execution_time": 0.12865805625915527, "passed": true}, "9": {"execution_time": 0.11325955390930176, "passed": true}, "10": {"execution_time": 0.11730289459228516, "passed": true}, "11": {"execution_time": 0.11127161979675293, "passed": true}, "12": {"execution_time": 0.11458325386047363, "passed": true}, "13": {"execution_time": 4.497433423995972, "passed": false}, "14": {"execution_time": 0.345029354095459, "passed": true}}}, "check_style_score": "0/1"}