{"version": "1", "message": "ERROR: Hidden Testcases server unreachable.", "problem_id": "ads2_m4_a1_1", "user_id": "nikhitha goli 20186105", "score": {"sample": {"0": {"execution_time": 0.12180447578430176, "passed": true}, "1": {"execution_time": 0.14723730087280273, "passed": false}, "2": {"execution_time": 0.1746072769165039, "passed": false}, "3": {"execution_time": 0.18480706214904785, "passed": false}, "4": {"execution_time": 0.13134288787841797, "passed": false}, "5": {"execution_time": 0.11255621910095215, "passed": false}, "6": {"execution_time": 0.11554956436157227, "passed": false}, "7": {"execution_time": 0.10787844657897949, "passed": false}, "8": {"execution_time": 0.11560344696044922, "passed": true}, "9": {"execution_time": 0.11560916900634766, "passed": true}, "10": {"execution_time": 0.10346460342407227, "passed": true}, "11": {"execution_time": 0.11578965187072754, "passed": false}, "12": {"execution_time": 0.13756823539733887, "passed": false}, "13": {"execution_time": 0.9759340286254883, "passed": false}, "14": {"execution_time": 0.11588716506958008, "passed": true}}}, "check_style_score": "0/1"}