{"version": "1", "message": "ERROR: Hidden Testcases server unreachable.", "problem_id": "ads2_m4_a1_1", "user_id": "nikhitha goli 20186105", "score": {"sample": {"0": {"execution_time": 0.11447978019714355, "passed": false}, "1": {"execution_time": 0.14052224159240723, "passed": false}, "2": {"execution_time": 0.15059781074523926, "passed": false}, "3": {"execution_time": 0.16181111335754395, "passed": false}, "4": {"execution_time": 0.11334872245788574, "passed": false}, "5": {"execution_time": 0.11206197738647461, "passed": false}, "6": {"execution_time": 0.11078929901123047, "passed": false}, "7": {"execution_time": 0.10909795761108398, "passed": false}, "8": {"execution_time": 0.12088513374328613, "passed": false}, "9": {"execution_time": 0.14087533950805664, "passed": false}, "10": {"execution_time": 0.1081392765045166, "passed": false}, "11": {"execution_time": 0.11068964004516602, "passed": false}, "12": {"execution_time": 0.12006163597106934, "passed": false}, "13": {"execution_time": 0.5246002674102783, "passed": false}, "14": {"execution_time": 0.11704826354980469, "passed": true}}}, "check_style_score": "0/1"}