{"version": "1", "message": "ERROR: Hidden Testcases server unreachable.", "problem_id": "ads2_m4_a1_1", "user_id": "nikhitha goli 20186105", "score": {"sample": {"0": {"execution_time": 0.1320035457611084, "passed": true}, "1": {"execution_time": 0.1453263759613037, "passed": false}, "2": {"execution_time": 0.14352774620056152, "passed": false}, "3": {"execution_time": 0.16490507125854492, "passed": false}, "4": {"execution_time": 0.14162111282348633, "passed": false}, "5": {"execution_time": 0.13464045524597168, "passed": false}, "6": {"execution_time": 0.12760710716247559, "passed": false}, "7": {"execution_time": 0.1230628490447998, "passed": false}, "8": {"execution_time": 0.13994765281677246, "passed": true}, "9": {"execution_time": 0.12050580978393555, "passed": true}, "10": {"execution_time": 0.11672496795654297, "passed": true}, "11": {"execution_time": 0.12067627906799316, "passed": false}, "12": {"execution_time": 0.13663101196289062, "passed": false}, "13": {"execution_time": 0.6441097259521484, "passed": false}, "14": {"execution_time": 0.11857724189758301, "passed": true}}}, "check_style_score": "0/1"}