{"version": "1", "message": "ERROR: Hidden Testcases server unreachable.", "problem_id": "ads2_m4_a1_1", "user_id": "nikhitha goli 20186105", "score": {"sample": {"0": {"execution_time": 0.10235285758972168, "passed": true}, "1": {"execution_time": 0.12301063537597656, "passed": false}, "2": {"execution_time": 0.14742469787597656, "passed": false}, "3": {"execution_time": 0.1692335605621338, "passed": false}, "4": {"execution_time": 0.11581039428710938, "passed": false}, "5": {"execution_time": 0.11159157752990723, "passed": false}, "6": {"execution_time": 0.12221956253051758, "passed": false}, "7": {"execution_time": 0.11795973777770996, "passed": false}, "8": {"execution_time": 0.13767790794372559, "passed": true}, "9": {"execution_time": 0.11572575569152832, "passed": false}, "10": {"execution_time": 0.11795830726623535, "passed": false}, "11": {"execution_time": 0.11583662033081055, "passed": true}, "12": {"execution_time": 0.11556720733642578, "passed": true}, "13": {"execution_time": 0.6703348159790039, "passed": false}, "14": {"execution_time": 0.11818099021911621, "passed": false}}}, "check_style_score": "0/1"}