{"version": "1", "message": "ERROR: Hidden Testcases server unreachable.", "problem_id": "ads2_m4_a1_1", "user_id": "nikhitha goli 20186105", "score": {"sample": {"0": {"execution_time": 0.17772650718688965, "passed": true}, "1": {"execution_time": 1.0979852676391602, "passed": true}, "2": {"execution_time": 0.2557690143585205, "passed": true}, "3": {"execution_time": 0.372844934463501, "passed": true}, "4": {"execution_time": 0.16201496124267578, "passed": true}, "5": {"execution_time": 0.1444249153137207, "passed": true}, "6": {"execution_time": 0.1728811264038086, "passed": true}, "7": {"execution_time": 0.21476054191589355, "passed": true}, "8": {"execution_time": 0.14102745056152344, "passed": true}, "9": {"execution_time": 0.14014625549316406, "passed": true}, "10": {"execution_time": 0.1603384017944336, "passed": true}, "11": {"execution_time": 0.1468982696533203, "passed": true}, "12": {"execution_time": 0.15537476539611816, "passed": true}, "13": {"execution_time": 1.2384049892425537, "passed": true}, "14": {"execution_time": 0.18285775184631348, "passed": true}}}, "check_style_score": "1/1"}