{"version": "1", "message": "ERROR: Hidden Testcases server unreachable.", "problem_id": "ads2_m4_a1_1", "user_id": "nikhitha goli 20186105", "score": {"sample": {"0": {"execution_time": 0.17456865310668945, "passed": true}, "1": {"execution_time": 0.18955779075622559, "passed": true}, "2": {"execution_time": 0.2203197479248047, "passed": true}, "3": {"execution_time": 0.2011122703552246, "passed": true}, "4": {"execution_time": 0.15357136726379395, "passed": true}, "5": {"execution_time": 0.14838504791259766, "passed": true}, "6": {"execution_time": 0.15383505821228027, "passed": true}, "7": {"execution_time": 0.15603089332580566, "passed": true}, "8": {"execution_time": 0.16771483421325684, "passed": true}, "9": {"execution_time": 0.1652379035949707, "passed": true}, "10": {"execution_time": 0.19921183586120605, "passed": true}, "11": {"execution_time": 0.1510300636291504, "passed": true}, "12": {"execution_time": 0.13731670379638672, "passed": true}, "13": {"execution_time": 0.843980073928833, "passed": true}, "14": {"execution_time": 0.17047476768493652, "passed": true}}}, "check_style_score": "1/1"}