{"version": "1", "message": "ERROR: Hidden Testcases server unreachable.", "problem_id": "ads2_m4_a1_1", "user_id": "nikhitha goli 20186105", "score": {"sample": {"0": {"execution_time": 0.12765789031982422, "passed": true}, "1": {"execution_time": 0.11971449851989746, "passed": true}, "2": {"execution_time": 0.15799164772033691, "passed": true}, "3": {"execution_time": 0.1757187843322754, "passed": true}, "4": {"execution_time": 0.1134026050567627, "passed": true}, "5": {"execution_time": 0.10161876678466797, "passed": true}, "6": {"execution_time": 0.10929512977600098, "passed": true}, "7": {"execution_time": 0.10245680809020996, "passed": true}, "8": {"execution_time": 0.11911773681640625, "passed": true}, "9": {"execution_time": 0.10732412338256836, "passed": true}, "10": {"execution_time": 0.10585665702819824, "passed": true}, "11": {"execution_time": 0.10920548439025879, "passed": true}, "12": {"execution_time": 0.10310864448547363, "passed": true}, "13": {"execution_time": 2.6336491107940674, "passed": false}, "14": {"execution_time": 0.1448192596435547, "passed": true}}}, "check_style_score": "0/1"}