{"version": "1", "message": "ERROR: Hidden Testcases server unreachable.", "problem_id": "ads2_m2_a1_1", "user_id": "nikhitha goli 20186105", "score": {"sample": {"0": {"execution_time": 0.29685211181640625, "passed": false}, "1": {"execution_time": 0.2549741268157959, "passed": false}, "2": {"execution_time": 0.17366385459899902, "passed": false}, "3": {"execution_time": 0.18221187591552734, "passed": false}, "4": {"execution_time": 0.25400376319885254, "passed": false}, "5": {"execution_time": 0.23490405082702637, "passed": false}, "6": {"execution_time": 0.21974420547485352, "passed": false}, "7": {"execution_time": 0.24225425720214844, "passed": false}, "8": {"execution_time": 0.21564173698425293, "passed": false}, "9": {"execution_time": 0.2026050090789795, "passed": false}, "10": {"execution_time": 0.27124524116516113, "passed": false}, "11": {"execution_time": 0.23199677467346191, "passed": false}, "12": {"execution_time": 0.2016620635986328, "passed": false}, "13": {"execution_time": 0.2677948474884033, "passed": false}, "14": {"execution_time": 0.23778939247131348, "passed": false}, "15": {"execution_time": 0.26784229278564453, "passed": false}, "16": {"execution_time": 0.29146289825439453, "passed": false}, "17": {"execution_time": 0.3140387535095215, "passed": false}, "18": {"execution_time": 0.29605650901794434, "passed": false}, "19": {"execution_time": 0.32857275009155273, "passed": false}, "20": {"execution_time": 0.31168365478515625, "passed": false}, "21": {"execution_time": 0.23949432373046875, "passed": false}, "22": {"execution_time": 0.3510103225708008, "passed": false}, "23": {"execution_time": 0.28699254989624023, "passed": false}}}, "check_style_score": "0/1"}