{"version": "1", "message": "ERROR: Hidden Testcases server unreachable.", "problem_id": "ads2_m2_a1_1", "user_id": "nikhitha goli 20186105", "score": {"sample": {"0": {"execution_time": 0.13610506057739258, "passed": true}, "1": {"execution_time": 0.11336016654968262, "passed": true}, "2": {"execution_time": 0.10905313491821289, "passed": true}, "3": {"execution_time": 0.1326451301574707, "passed": false}, "4": {"execution_time": 0.11011409759521484, "passed": true}, "5": {"execution_time": 0.11630916595458984, "passed": true}, "6": {"execution_time": 0.11684298515319824, "passed": false}, "7": {"execution_time": 0.11227536201477051, "passed": false}, "8": {"execution_time": 0.11230969429016113, "passed": false}, "9": {"execution_time": 0.11167073249816895, "passed": false}, "10": {"execution_time": 0.108734130859375, "passed": false}, "11": {"execution_time": 0.11099958419799805, "passed": false}, "12": {"execution_time": 0.10933804512023926, "passed": false}, "13": {"execution_time": 0.11608505249023438, "passed": true}, "14": {"execution_time": 0.13334202766418457, "passed": false}, "15": {"execution_time": 0.11680197715759277, "passed": true}, "16": {"execution_time": 0.1231837272644043, "passed": false}, "17": {"execution_time": 0.14003777503967285, "passed": false}, "18": {"execution_time": 0.13518857955932617, "passed": false}, "19": {"execution_time": 0.14088988304138184, "passed": false}, "20": {"execution_time": 0.14805030822753906, "passed": false}, "21": {"execution_time": 0.11463785171508789, "passed": false}, "22": {"execution_time": 0.17701387405395508, "passed": false}, "23": {"execution_time": 0.171675443649292, "passed": false}}}, "check_style_score": "0/1"}