{"version": "1", "message": "ERROR: Hidden Testcases server unreachable.", "problem_id": "ads2_m2_a1_1", "user_id": "nikhitha goli 20186105", "score": {"sample": {"0": {"execution_time": 0.1166524887084961, "passed": true}, "1": {"execution_time": 0.1142880916595459, "passed": true}, "2": {"execution_time": 0.10715436935424805, "passed": true}, "3": {"execution_time": 0.1197507381439209, "passed": true}, "4": {"execution_time": 0.1100921630859375, "passed": true}, "5": {"execution_time": 0.11201739311218262, "passed": true}, "6": {"execution_time": 0.11027026176452637, "passed": true}, "7": {"execution_time": 0.1160135269165039, "passed": true}, "8": {"execution_time": 0.11016702651977539, "passed": true}, "9": {"execution_time": 0.12034010887145996, "passed": true}, "10": {"execution_time": 0.11674785614013672, "passed": true}, "11": {"execution_time": 0.10978269577026367, "passed": true}, "12": {"execution_time": 0.11046743392944336, "passed": true}, "13": {"execution_time": 0.11743736267089844, "passed": true}, "14": {"execution_time": 0.10738039016723633, "passed": true}, "15": {"execution_time": 0.1368849277496338, "passed": true}, "16": {"execution_time": 0.1189422607421875, "passed": true}, "17": {"execution_time": 0.1374192237854004, "passed": true}, "18": {"execution_time": 0.15004777908325195, "passed": true}, "19": {"execution_time": 0.15754222869873047, "passed": true}, "20": {"execution_time": 0.16165995597839355, "passed": true}, "21": {"execution_time": 0.11010551452636719, "passed": true}, "22": {"execution_time": 0.1864299774169922, "passed": true}, "23": {"execution_time": 0.18843483924865723, "passed": true}}}, "check_style_score": "1/1"}