{"version": "1", "message": "ERROR: Hidden Testcases server unreachable.", "problem_id": "ads2_m2_a1_1", "user_id": "nikhitha goli 20186105", "score": {"sample": {"0": {"execution_time": 0.13322687149047852, "passed": true}, "1": {"execution_time": 0.11989736557006836, "passed": true}, "2": {"execution_time": 0.10723495483398438, "passed": true}, "3": {"execution_time": 0.11137080192565918, "passed": true}, "4": {"execution_time": 0.1100466251373291, "passed": true}, "5": {"execution_time": 0.1132504940032959, "passed": true}, "6": {"execution_time": 0.11007118225097656, "passed": true}, "7": {"execution_time": 0.11001276969909668, "passed": true}, "8": {"execution_time": 0.10811400413513184, "passed": true}, "9": {"execution_time": 0.1165311336517334, "passed": true}, "10": {"execution_time": 0.11130833625793457, "passed": true}, "11": {"execution_time": 0.10978269577026367, "passed": true}, "12": {"execution_time": 0.10993385314941406, "passed": true}, "13": {"execution_time": 0.11135625839233398, "passed": true}, "14": {"execution_time": 0.1103200912475586, "passed": true}, "15": {"execution_time": 0.12303638458251953, "passed": true}, "16": {"execution_time": 0.11952519416809082, "passed": true}, "17": {"execution_time": 0.16346073150634766, "passed": true}, "18": {"execution_time": 0.1277763843536377, "passed": true}, "19": {"execution_time": 0.14441585540771484, "passed": true}, "20": {"execution_time": 0.14296507835388184, "passed": true}, "21": {"execution_time": 0.11144137382507324, "passed": true}, "22": {"execution_time": 0.18041467666625977, "passed": true}, "23": {"execution_time": 0.1701970100402832, "passed": true}}}, "check_style_score": "0/1"}