{"version": "1", "message": "ERROR: Hidden Testcases server unreachable.", "problem_id": "ads2_m2_a1_1", "user_id": "nikhitha goli 20186105", "score": {"sample": {"0": {"execution_time": 0.252856969833374, "passed": true}, "1": {"execution_time": 0.2463550567626953, "passed": false}, "2": {"execution_time": 0.25977110862731934, "passed": false}, "3": {"execution_time": 0.26521730422973633, "passed": true}, "4": {"execution_time": 0.28560876846313477, "passed": false}, "5": {"execution_time": 0.2803924083709717, "passed": false}, "6": {"execution_time": 0.2917337417602539, "passed": false}, "7": {"execution_time": 0.29412031173706055, "passed": false}, "8": {"execution_time": 0.24907708168029785, "passed": false}, "9": {"execution_time": 0.2664313316345215, "passed": false}, "10": {"execution_time": 0.2531766891479492, "passed": false}, "11": {"execution_time": 0.26000475883483887, "passed": false}, "12": {"execution_time": 0.17778515815734863, "passed": false}, "13": {"execution_time": 0.22372174263000488, "passed": false}, "14": {"execution_time": 0.2657744884490967, "passed": false}, "15": {"execution_time": 0.24949193000793457, "passed": false}, "16": {"execution_time": 0.234572172164917, "passed": false}, "17": {"execution_time": 0.19448137283325195, "passed": false}, "18": {"execution_time": 0.35930442810058594, "passed": false}, "19": {"execution_time": 0.2375810146331787, "passed": false}, "20": {"execution_time": 0.395038366317749, "passed": false}, "21": {"execution_time": 0.21270418167114258, "passed": false}, "22": {"execution_time": 0.9397954940795898, "passed": false}, "23": {"execution_time": 0.7943112850189209, "passed": false}}}, "check_style_score": "0/1"}