{"version": "1", "message": "ERROR: Hidden Testcases server unreachable.", "problem_id": "ads2_m2_a1_1", "user_id": "nikhitha goli 20186105", "score": {"sample": {"0": {"execution_time": 0.12615227699279785, "passed": false}, "1": {"execution_time": 0.17552971839904785, "passed": false}, "2": {"execution_time": 0.13364219665527344, "passed": false}, "3": {"execution_time": 0.16156792640686035, "passed": false}, "4": {"execution_time": 0.17851877212524414, "passed": false}, "5": {"execution_time": 0.13065147399902344, "passed": false}, "6": {"execution_time": 0.14162373542785645, "passed": false}, "7": {"execution_time": 0.12466645240783691, "passed": false}, "8": {"execution_time": 0.15957188606262207, "passed": false}, "9": {"execution_time": 0.1289689540863037, "passed": false}, "10": {"execution_time": 0.13284015655517578, "passed": false}, "11": {"execution_time": 0.12524652481079102, "passed": false}, "12": {"execution_time": 0.12732315063476562, "passed": false}, "13": {"execution_time": 0.14516258239746094, "passed": false}, "14": {"execution_time": 0.14560890197753906, "passed": false}, "15": {"execution_time": 0.1297142505645752, "passed": false}, "16": {"execution_time": 0.12766003608703613, "passed": false}, "17": {"execution_time": 0.1696605682373047, "passed": false}, "18": {"execution_time": 0.12611746788024902, "passed": false}, "19": {"execution_time": 0.15259242057800293, "passed": false}, "20": {"execution_time": 0.16627097129821777, "passed": false}, "21": {"execution_time": 0.13663053512573242, "passed": false}, "22": {"execution_time": 0.16361713409423828, "passed": false}, "23": {"execution_time": 0.1934196949005127, "passed": false}}}, "check_style_score": "0/1"}