{"version": "1", "message": "ERROR: Hidden Testcases server unreachable.", "problem_id": "ads2_m2_a1_1", "user_id": "nikhitha goli 20186105", "score": {"sample": {"0": {"execution_time": 0.13913679122924805, "passed": true}, "1": {"execution_time": 0.12032866477966309, "passed": true}, "2": {"execution_time": 0.10769224166870117, "passed": true}, "3": {"execution_time": 0.11873054504394531, "passed": true}, "4": {"execution_time": 0.11017060279846191, "passed": true}, "5": {"execution_time": 0.11748695373535156, "passed": true}, "6": {"execution_time": 0.1165013313293457, "passed": true}, "7": {"execution_time": 0.11605691909790039, "passed": true}, "8": {"execution_time": 0.11036539077758789, "passed": true}, "9": {"execution_time": 0.11158299446105957, "passed": true}, "10": {"execution_time": 0.11304068565368652, "passed": true}, "11": {"execution_time": 0.11216855049133301, "passed": true}, "12": {"execution_time": 0.11986780166625977, "passed": true}, "13": {"execution_time": 0.11021089553833008, "passed": true}, "14": {"execution_time": 0.11907815933227539, "passed": true}, "15": {"execution_time": 0.11969304084777832, "passed": true}, "16": {"execution_time": 0.12363266944885254, "passed": true}, "17": {"execution_time": 0.15279865264892578, "passed": true}, "18": {"execution_time": 0.12008237838745117, "passed": true}, "19": {"execution_time": 0.14040827751159668, "passed": true}, "20": {"execution_time": 0.16002964973449707, "passed": true}, "21": {"execution_time": 0.11694645881652832, "passed": true}, "22": {"execution_time": 0.17769742012023926, "passed": true}, "23": {"execution_time": 0.16217994689941406, "passed": true}}}, "check_style_score": "1/1"}