{"version": "1", "message": "ERROR: Hidden Testcases server unreachable.", "problem_id": "ads2_m2_a1_1", "user_id": "nikhitha goli 20186105", "score": {"sample": {"0": {"execution_time": 0.24944472312927246, "passed": false}, "1": {"execution_time": 0.25152134895324707, "passed": false}, "2": {"execution_time": 0.2544431686401367, "passed": false}, "3": {"execution_time": 0.23566746711730957, "passed": false}, "4": {"execution_time": 0.20351219177246094, "passed": false}, "5": {"execution_time": 0.25778961181640625, "passed": false}, "6": {"execution_time": 0.1792316436767578, "passed": false}, "7": {"execution_time": 0.1885230541229248, "passed": false}, "8": {"execution_time": 0.2169506549835205, "passed": false}, "9": {"execution_time": 0.21445107460021973, "passed": false}, "10": {"execution_time": 0.24329185485839844, "passed": false}, "11": {"execution_time": 0.2231285572052002, "passed": false}, "12": {"execution_time": 0.26407766342163086, "passed": false}, "13": {"execution_time": 0.22559690475463867, "passed": false}, "14": {"execution_time": 0.26338624954223633, "passed": false}, "15": {"execution_time": 0.24869441986083984, "passed": false}, "16": {"execution_time": 0.22143149375915527, "passed": false}, "17": {"execution_time": 0.23127961158752441, "passed": false}, "18": {"execution_time": 0.3075597286224365, "passed": false}, "19": {"execution_time": 0.2301020622253418, "passed": false}, "20": {"execution_time": 0.24020051956176758, "passed": false}, "21": {"execution_time": 0.21666169166564941, "passed": false}, "22": {"execution_time": 0.35517239570617676, "passed": false}, "23": {"execution_time": 0.24478435516357422, "passed": false}}}, "check_style_score": "0/1"}