{"version": "1", "message": "ERROR: Hidden Testcases server unreachable.", "problem_id": "ads2_m2_a1_1", "user_id": "nikhitha goli 20186105", "score": {"sample": {"0": {"execution_time": 0.12307858467102051, "passed": true}, "1": {"execution_time": 0.11711549758911133, "passed": true}, "2": {"execution_time": 0.11021137237548828, "passed": true}, "3": {"execution_time": 0.11247801780700684, "passed": true}, "4": {"execution_time": 0.11479783058166504, "passed": true}, "5": {"execution_time": 0.10774755477905273, "passed": false}, "6": {"execution_time": 0.11016416549682617, "passed": true}, "7": {"execution_time": 0.1118173599243164, "passed": true}, "8": {"execution_time": 0.11497187614440918, "passed": true}, "9": {"execution_time": 0.10938191413879395, "passed": true}, "10": {"execution_time": 0.11216902732849121, "passed": true}, "11": {"execution_time": 0.13562703132629395, "passed": true}, "12": {"execution_time": 0.11256575584411621, "passed": true}, "13": {"execution_time": 0.11142611503601074, "passed": true}, "14": {"execution_time": 0.11192107200622559, "passed": true}, "15": {"execution_time": 0.11861848831176758, "passed": true}, "16": {"execution_time": 0.12213540077209473, "passed": true}, "17": {"execution_time": 0.15817785263061523, "passed": true}, "18": {"execution_time": 0.1456451416015625, "passed": true}, "19": {"execution_time": 0.1454179286956787, "passed": true}, "20": {"execution_time": 0.15973305702209473, "passed": true}, "21": {"execution_time": 0.11269807815551758, "passed": true}, "22": {"execution_time": 0.17758631706237793, "passed": true}, "23": {"execution_time": 0.18558216094970703, "passed": true}}}, "check_style_score": "0/1"}