{"version": "1", "message": "ERROR: Hidden Testcases server unreachable.", "problem_id": "ads2_m2_a1_1", "user_id": "nikhitha goli 20186105", "score": {"sample": {"0": {"execution_time": 0.4382784366607666, "passed": true}, "1": {"execution_time": 0.3980119228363037, "passed": true}, "2": {"execution_time": 0.3174302577972412, "passed": false}, "3": {"execution_time": 0.2856111526489258, "passed": false}, "4": {"execution_time": 0.2591714859008789, "passed": true}, "5": {"execution_time": 0.2850534915924072, "passed": false}, "6": {"execution_time": 0.29383134841918945, "passed": false}, "7": {"execution_time": 0.25937867164611816, "passed": false}, "8": {"execution_time": 0.2533702850341797, "passed": false}, "9": {"execution_time": 0.24179720878601074, "passed": false}, "10": {"execution_time": 0.32025599479675293, "passed": false}, "11": {"execution_time": 0.29478907585144043, "passed": false}, "12": {"execution_time": 0.2785675525665283, "passed": false}, "13": {"execution_time": 0.2549135684967041, "passed": true}, "14": {"execution_time": 0.28861498832702637, "passed": false}, "15": {"execution_time": 0.24688029289245605, "passed": true}, "16": {"execution_time": 0.20334768295288086, "passed": false}, "17": {"execution_time": 0.30488133430480957, "passed": false}, "18": {"execution_time": 0.2176985740661621, "passed": false}, "19": {"execution_time": 0.29127979278564453, "passed": false}, "20": {"execution_time": 0.3039979934692383, "passed": false}, "21": {"execution_time": 0.21166062355041504, "passed": false}, "22": {"execution_time": 0.2686161994934082, "passed": false}, "23": {"execution_time": 0.3028683662414551, "passed": false}}}, "check_style_score": "0/1"}