{"version": "1", "message": "ERROR: Hidden Testcases server unreachable.", "problem_id": "ads2_m2_a1_1", "user_id": "nikhitha goli 20186105", "score": {"sample": {"0": {"execution_time": 0.30895447731018066, "passed": true}, "1": {"execution_time": 0.22604012489318848, "passed": true}, "2": {"execution_time": 0.19886088371276855, "passed": false}, "3": {"execution_time": 0.27993321418762207, "passed": false}, "4": {"execution_time": 0.2721364498138428, "passed": true}, "5": {"execution_time": 0.23078012466430664, "passed": false}, "6": {"execution_time": 0.23492884635925293, "passed": false}, "7": {"execution_time": 0.19561982154846191, "passed": false}, "8": {"execution_time": 0.25690364837646484, "passed": false}, "9": {"execution_time": 0.2200784683227539, "passed": false}, "10": {"execution_time": 0.1975090503692627, "passed": false}, "11": {"execution_time": 0.2021951675415039, "passed": false}, "12": {"execution_time": 0.23908352851867676, "passed": false}, "13": {"execution_time": 0.20168328285217285, "passed": true}, "14": {"execution_time": 0.16628646850585938, "passed": false}, "15": {"execution_time": 0.22704505920410156, "passed": true}, "16": {"execution_time": 0.28854846954345703, "passed": false}, "17": {"execution_time": 0.25072240829467773, "passed": false}, "18": {"execution_time": 0.2346816062927246, "passed": false}, "19": {"execution_time": 0.29324913024902344, "passed": false}, "20": {"execution_time": 0.20892572402954102, "passed": false}, "21": {"execution_time": 0.2716946601867676, "passed": false}, "22": {"execution_time": 0.3334481716156006, "passed": false}, "23": {"execution_time": 0.3424694538116455, "passed": false}}}, "check_style_score": "0/1"}