{"version": "1", "message": "ERROR: Hidden Testcases server unreachable.", "problem_id": "ads2_m2_a1_1", "user_id": "nikhitha goli 20186105", "score": {"sample": {"0": {"execution_time": 0.2095019817352295, "passed": true}, "1": {"execution_time": 0.10664224624633789, "passed": true}, "2": {"execution_time": 0.11930012702941895, "passed": true}, "3": {"execution_time": 0.10876655578613281, "passed": true}, "4": {"execution_time": 0.1120615005493164, "passed": true}, "5": {"execution_time": 0.11437845230102539, "passed": false}, "6": {"execution_time": 0.11989569664001465, "passed": true}, "7": {"execution_time": 0.12022280693054199, "passed": true}, "8": {"execution_time": 0.10869479179382324, "passed": true}, "9": {"execution_time": 0.1170051097869873, "passed": true}, "10": {"execution_time": 0.1229090690612793, "passed": true}, "11": {"execution_time": 0.11264705657958984, "passed": true}, "12": {"execution_time": 0.10852217674255371, "passed": true}, "13": {"execution_time": 0.11000370979309082, "passed": true}, "14": {"execution_time": 0.11343574523925781, "passed": true}, "15": {"execution_time": 0.10651564598083496, "passed": true}, "16": {"execution_time": 0.10968446731567383, "passed": true}, "17": {"execution_time": 0.19146299362182617, "passed": true}, "18": {"execution_time": 0.13051414489746094, "passed": true}, "19": {"execution_time": 0.18270397186279297, "passed": true}, "20": {"execution_time": 0.1572272777557373, "passed": true}, "21": {"execution_time": 0.11081266403198242, "passed": true}, "22": {"execution_time": 0.23089241981506348, "passed": true}, "23": {"execution_time": 0.1851801872253418, "passed": true}}}, "check_style_score": "0/1"}