{"version": "1", "message": "ERROR: Hidden Testcases server unreachable.", "problem_id": "ads2_m2_a1_1", "user_id": "nikhitha goli 20186105", "score": {"sample": {"0": {"execution_time": 0.13297796249389648, "passed": true}, "1": {"execution_time": 0.11019682884216309, "passed": true}, "2": {"execution_time": 0.11233210563659668, "passed": true}, "3": {"execution_time": 0.11138439178466797, "passed": true}, "4": {"execution_time": 0.12202954292297363, "passed": true}, "5": {"execution_time": 0.10650396347045898, "passed": true}, "6": {"execution_time": 0.12067961692810059, "passed": true}, "7": {"execution_time": 1.4614763259887695, "passed": true}, "8": {"execution_time": 0.11037421226501465, "passed": true}, "9": {"execution_time": 0.10991096496582031, "passed": true}, "10": {"execution_time": 0.11417126655578613, "passed": true}, "11": {"execution_time": 0.10936880111694336, "passed": true}, "12": {"execution_time": 0.10987734794616699, "passed": true}, "13": {"execution_time": 0.10999345779418945, "passed": true}, "14": {"execution_time": 0.1080784797668457, "passed": true}, "15": {"execution_time": 0.12021422386169434, "passed": true}, "16": {"execution_time": 0.11703205108642578, "passed": true}, "17": {"execution_time": 0.16967511177062988, "passed": true}, "18": {"execution_time": 0.11933660507202148, "passed": true}, "19": {"execution_time": 0.1599111557006836, "passed": true}, "20": {"execution_time": 0.16986417770385742, "passed": true}, "21": {"execution_time": 0.12185239791870117, "passed": true}, "22": {"execution_time": 0.16712403297424316, "passed": true}, "23": {"execution_time": 0.1632835865020752, "passed": true}}}, "check_style_score": "1/1"}