{"version": "1", "message": "ERROR: Hidden Testcases server unreachable.", "problem_id": "ads2_m16_a1_1", "user_id": "nikhitha goli 20186105", "score": {"sample": {"0": {"execution_time": 0.3061962127685547, "passed": true}, "1": {"execution_time": 0.24411749839782715, "passed": true}, "2": {"execution_time": 0.9489798545837402, "passed": true}, "3": {"execution_time": 0.8851113319396973, "passed": true}, "4": {"execution_time": 0.9813129901885986, "passed": true}, "5": {"execution_time": 0.9847283363342285, "passed": true}, "6": {"execution_time": 0.8929698467254639, "passed": true}, "7": {"execution_time": 0.9457943439483643, "passed": true}, "8": {"execution_time": 0.29435038566589355, "passed": true}, "9": {"execution_time": 0.9869263172149658, "passed": true}, "10": {"execution_time": 1.1037311553955078, "passed": true}, "11": {"execution_time": 3.7462637424468994, "passed": true}, "12": {"execution_time": 0.885871171951294, "passed": true}, "13": {"execution_time": 0.24234318733215332, "passed": true}, "14": {"execution_time": 0.9492967128753662, "passed": true}, "15": {"execution_time": 0.9452292919158936, "passed": true}, "16": {"execution_time": 0.34403300285339355, "passed": true}, "17": {"execution_time": 0.32357025146484375, "passed": true}, "18": {"execution_time": 0.4300119876861572, "passed": true}, "19": {"execution_time": 0.33877086639404297, "passed": true}, "20": {"execution_time": 0.3867018222808838, "passed": true}, "21": {"execution_time": 0.39023685455322266, "passed": true}, "22": {"execution_time": 0.397564172744751, "passed": true}, "23": {"execution_time": 0.3072347640991211, "passed": true}, "24": {"execution_time": 0.21579742431640625, "passed": true}, "25": {"execution_time": 1.1730377674102783, "passed": true}, "26": {"execution_time": 0.5282988548278809, "passed": true}, "27": {"execution_time": 0.939664363861084, "passed": true}, "28": {"execution_time": 1.3640635013580322, "passed": true}, "29": {"execution_time": 0.21031999588012695, "passed": false}}}, "check_style_score": "1/1"}