{"version": "1", "message": "ERROR: Hidden Testcases server unreachable.", "problem_id": "ads2_m16_a1_1", "user_id": "nikhitha goli 20186105", "score": {"sample": {"0": {"execution_time": 0.35379743576049805, "passed": true}, "1": {"execution_time": 0.3891110420227051, "passed": true}, "2": {"execution_time": 1.2315831184387207, "passed": true}, "3": {"execution_time": 0.8764822483062744, "passed": true}, "4": {"execution_time": 0.981687068939209, "passed": true}, "5": {"execution_time": 0.9123282432556152, "passed": true}, "6": {"execution_time": 0.9628105163574219, "passed": true}, "7": {"execution_time": 0.9888918399810791, "passed": true}, "8": {"execution_time": 0.4030177593231201, "passed": true}, "9": {"execution_time": 0.9380743503570557, "passed": true}, "10": {"execution_time": 0.9892876148223877, "passed": true}, "11": {"execution_time": 4.42018723487854, "passed": true}, "12": {"execution_time": 0.8099064826965332, "passed": true}, "13": {"execution_time": 0.22399234771728516, "passed": true}, "14": {"execution_time": 0.8718161582946777, "passed": true}, "15": {"execution_time": 0.9265758991241455, "passed": true}, "16": {"execution_time": 0.3353452682495117, "passed": true}, "17": {"execution_time": 0.3396437168121338, "passed": true}, "18": {"execution_time": 0.31599903106689453, "passed": true}, "19": {"execution_time": 0.3401758670806885, "passed": true}, "20": {"execution_time": 0.4556858539581299, "passed": true}, "21": {"execution_time": 0.35952305793762207, "passed": true}, "22": {"execution_time": 0.3172433376312256, "passed": true}, "23": {"execution_time": 0.3935399055480957, "passed": true}, "24": {"execution_time": 0.21284031867980957, "passed": true}, "25": {"execution_time": 0.9211845397949219, "passed": true}, "26": {"execution_time": 0.4740452766418457, "passed": true}, "27": {"execution_time": 0.9596803188323975, "passed": true}, "28": {"execution_time": 1.302757978439331, "passed": true}, "29": {"execution_time": 0.30953359603881836, "passed": false}}}, "check_style_score": "1/1"}