{"version": "1", "message": "ERROR: Hidden Testcases server unreachable.", "problem_id": "ads2_m16_a1_1", "user_id": "nikhitha goli 20186105", "score": {"sample": {"0": {"execution_time": 0.37736988067626953, "passed": true}, "1": {"execution_time": 0.32918882369995117, "passed": true}, "2": {"execution_time": 1.355020523071289, "passed": true}, "3": {"execution_time": 0.8746914863586426, "passed": true}, "4": {"execution_time": 1.0930519104003906, "passed": true}, "5": {"execution_time": 1.6567139625549316, "passed": true}, "6": {"execution_time": 1.6039612293243408, "passed": true}, "7": {"execution_time": 1.4847326278686523, "passed": true}, "8": {"execution_time": 0.4759228229522705, "passed": true}, "9": {"execution_time": 1.6111090183258057, "passed": true}, "10": {"execution_time": 1.56217622756958, "passed": true}, "11": {"execution_time": 7.192423105239868, "passed": true}, "12": {"execution_time": 1.5633549690246582, "passed": true}, "13": {"execution_time": 0.2983744144439697, "passed": true}, "14": {"execution_time": 1.600651741027832, "passed": true}, "15": {"execution_time": 1.5555555820465088, "passed": true}, "16": {"execution_time": 0.3849172592163086, "passed": true}, "17": {"execution_time": 0.42557287216186523, "passed": true}, "18": {"execution_time": 0.3930675983428955, "passed": true}, "19": {"execution_time": 0.43537425994873047, "passed": true}, "20": {"execution_time": 0.44853687286376953, "passed": true}, "21": {"execution_time": 0.3716392517089844, "passed": true}, "22": {"execution_time": 0.3826487064361572, "passed": true}, "23": {"execution_time": 0.43283820152282715, "passed": true}, "24": {"execution_time": 0.27530431747436523, "passed": true}, "25": {"execution_time": 1.5790457725524902, "passed": true}, "26": {"execution_time": 0.7832684516906738, "passed": true}, "27": {"execution_time": 1.6942081451416016, "passed": true}, "28": {"execution_time": 2.401409864425659, "passed": true}, "29": {"execution_time": 0.36168789863586426, "passed": true}}}, "check_style_score": "1/1"}