{"version": "1", "message": "ERROR: Hidden Testcases server unreachable.", "problem_id": "ads2_m16_a1_1", "user_id": "nikhitha goli 20186105", "score": {"sample": {"0": {"execution_time": 0.2640814781188965, "passed": true}, "1": {"execution_time": 0.2343599796295166, "passed": true}, "2": {"execution_time": 0.9776206016540527, "passed": true}, "3": {"execution_time": 0.8440885543823242, "passed": true}, "4": {"execution_time": 0.8359179496765137, "passed": true}, "5": {"execution_time": 0.8767144680023193, "passed": true}, "6": {"execution_time": 0.8543069362640381, "passed": true}, "7": {"execution_time": 0.886206865310669, "passed": true}, "8": {"execution_time": 0.43200182914733887, "passed": true}, "9": {"execution_time": 1.3170392513275146, "passed": true}, "10": {"execution_time": 1.7031397819519043, "passed": true}, "11": {"execution_time": 5.251946926116943, "passed": true}, "12": {"execution_time": 1.0312047004699707, "passed": true}, "13": {"execution_time": 0.34316015243530273, "passed": true}, "14": {"execution_time": 1.031141996383667, "passed": true}, "15": {"execution_time": 1.099247694015503, "passed": true}, "16": {"execution_time": 0.4515700340270996, "passed": true}, "17": {"execution_time": 0.43590307235717773, "passed": true}, "18": {"execution_time": 0.3617134094238281, "passed": true}, "19": {"execution_time": 0.45475172996520996, "passed": true}, "20": {"execution_time": 0.4832193851470947, "passed": true}, "21": {"execution_time": 0.3980705738067627, "passed": true}, "22": {"execution_time": 0.32106852531433105, "passed": true}, "23": {"execution_time": 0.44952845573425293, "passed": true}, "24": {"execution_time": 0.2716357707977295, "passed": true}, "25": {"execution_time": 1.2294161319732666, "passed": true}, "26": {"execution_time": 0.5606985092163086, "passed": true}, "27": {"execution_time": 1.1155459880828857, "passed": true}, "28": {"execution_time": 1.5876383781433105, "passed": true}, "29": {"execution_time": 0.34142112731933594, "passed": true}}}, "check_style_score": "1/1"}