{"version": "1", "message": "ERROR: Hidden Testcases server unreachable.", "problem_id": "ads2_m16_a1_1", "user_id": "nikhitha goli 20186105", "score": {"sample": {"0": {"execution_time": 0.379453182220459, "passed": true}, "1": {"execution_time": 0.36077141761779785, "passed": true}, "2": {"execution_time": 1.099306344985962, "passed": true}, "3": {"execution_time": 0.9853353500366211, "passed": true}, "4": {"execution_time": 1.0226714611053467, "passed": true}, "5": {"execution_time": 1.1221027374267578, "passed": true}, "6": {"execution_time": 1.0041518211364746, "passed": true}, "7": {"execution_time": 1.0589265823364258, "passed": true}, "8": {"execution_time": 0.2988088130950928, "passed": true}, "9": {"execution_time": 1.139446496963501, "passed": true}, "10": {"execution_time": 0.9396371841430664, "passed": true}, "11": {"execution_time": 5.654388904571533, "passed": true}, "12": {"execution_time": 1.065190315246582, "passed": true}, "13": {"execution_time": 0.29789233207702637, "passed": true}, "14": {"execution_time": 1.218374252319336, "passed": true}, "15": {"execution_time": 0.9841632843017578, "passed": true}, "16": {"execution_time": 0.43149852752685547, "passed": true}, "17": {"execution_time": 0.4488511085510254, "passed": true}, "18": {"execution_time": 0.2978706359863281, "passed": true}, "19": {"execution_time": 0.33177661895751953, "passed": true}, "20": {"execution_time": 0.46462464332580566, "passed": true}, "21": {"execution_time": 0.3600010871887207, "passed": true}, "22": {"execution_time": 0.39746952056884766, "passed": true}, "23": {"execution_time": 0.35410046577453613, "passed": true}, "24": {"execution_time": 0.2735311985015869, "passed": true}, "25": {"execution_time": 1.0601112842559814, "passed": true}, "26": {"execution_time": 0.5871963500976562, "passed": true}, "27": {"execution_time": 1.107088565826416, "passed": true}, "28": {"execution_time": 1.798285961151123, "passed": true}, "29": {"execution_time": 0.2136216163635254, "passed": true}}}, "check_style_score": "1/1"}