{"version": "1", "message": "ERROR: Hidden Testcases server unreachable.", "problem_id": "ads2_m16_a1_1", "user_id": "nikhitha goli 20186105", "score": {"sample": {"0": {"execution_time": 0.44389915466308594, "passed": true}, "1": {"execution_time": 0.42578697204589844, "passed": true}, "2": {"execution_time": 1.7022614479064941, "passed": true}, "3": {"execution_time": 1.6020262241363525, "passed": true}, "4": {"execution_time": 1.5730788707733154, "passed": true}, "5": {"execution_time": 1.6395721435546875, "passed": true}, "6": {"execution_time": 1.540963888168335, "passed": true}, "7": {"execution_time": 1.541297435760498, "passed": true}, "8": {"execution_time": 0.40527844429016113, "passed": true}, "9": {"execution_time": 1.5323820114135742, "passed": true}, "10": {"execution_time": 1.6555047035217285, "passed": true}, "11": {"execution_time": 7.061599254608154, "passed": true}, "12": {"execution_time": 1.4322526454925537, "passed": true}, "13": {"execution_time": 0.31636881828308105, "passed": true}, "14": {"execution_time": 1.5864768028259277, "passed": true}, "15": {"execution_time": 1.586200475692749, "passed": true}, "16": {"execution_time": 0.4286768436431885, "passed": true}, "17": {"execution_time": 0.42665839195251465, "passed": true}, "18": {"execution_time": 0.4672694206237793, "passed": true}, "19": {"execution_time": 0.4588007926940918, "passed": true}, "20": {"execution_time": 0.3916006088256836, "passed": true}, "21": {"execution_time": 0.38472914695739746, "passed": true}, "22": {"execution_time": 0.37328600883483887, "passed": true}, "23": {"execution_time": 0.267974853515625, "passed": true}, "24": {"execution_time": 0.27254295349121094, "passed": true}, "25": {"execution_time": 1.0873892307281494, "passed": true}, "26": {"execution_time": 0.49303388595581055, "passed": true}, "27": {"execution_time": 1.227064609527588, "passed": true}, "28": {"execution_time": 1.4704759120941162, "passed": true}, "29": {"execution_time": 0.2762937545776367, "passed": true}}}, "check_style_score": "1/1"}