{"version": "1", "message": "ERROR: Hidden Testcases server unreachable.", "problem_id": "ads2_m16_a1_1", "user_id": "nikhitha goli 20186105", "score": {"sample": {"0": {"execution_time": 0.40808582305908203, "passed": true}, "1": {"execution_time": 0.29918885231018066, "passed": true}, "2": {"execution_time": 1.299595832824707, "passed": true}, "3": {"execution_time": 0.8480312824249268, "passed": true}, "4": {"execution_time": 0.9067575931549072, "passed": true}, "5": {"execution_time": 0.9431107044219971, "passed": true}, "6": {"execution_time": 0.8822071552276611, "passed": true}, "7": {"execution_time": 0.9623606204986572, "passed": true}, "8": {"execution_time": 0.4652371406555176, "passed": true}, "9": {"execution_time": 0.8839938640594482, "passed": true}, "10": {"execution_time": 0.993431568145752, "passed": true}, "11": {"execution_time": 4.917870044708252, "passed": true}, "12": {"execution_time": 0.9595842361450195, "passed": true}, "13": {"execution_time": 0.25197887420654297, "passed": true}, "14": {"execution_time": 0.9552712440490723, "passed": true}, "15": {"execution_time": 0.9704535007476807, "passed": true}, "16": {"execution_time": 0.3994612693786621, "passed": true}, "17": {"execution_time": 0.2969858646392822, "passed": true}, "18": {"execution_time": 0.3809194564819336, "passed": true}, "19": {"execution_time": 0.44776225090026855, "passed": true}, "20": {"execution_time": 0.34426116943359375, "passed": true}, "21": {"execution_time": 0.42847490310668945, "passed": true}, "22": {"execution_time": 0.3750424385070801, "passed": true}, "23": {"execution_time": 0.2951667308807373, "passed": true}, "24": {"execution_time": 0.21760249137878418, "passed": true}, "25": {"execution_time": 1.0196635723114014, "passed": true}, "26": {"execution_time": 0.7115316390991211, "passed": true}, "27": {"execution_time": 1.106703758239746, "passed": true}, "28": {"execution_time": 1.930168628692627, "passed": true}, "29": {"execution_time": 0.4745349884033203, "passed": false}}}, "check_style_score": "1/1"}