{"version": "1", "message": "ERROR: Hidden Testcases server unreachable.", "problem_id": "ads2_m6_a1_1", "user_id": "nikhitha goli 20186105", "score": {"sample": {"0": {"execution_time": 0.12289667129516602, "passed": false}, "1": {"execution_time": 0.10481977462768555, "passed": false}, "2": {"execution_time": 0.15380311012268066, "passed": false}, "3": {"execution_time": 0.12355279922485352, "passed": false}, "4": {"execution_time": 0.12172770500183105, "passed": false}, "5": {"execution_time": 0.12004780769348145, "passed": false}, "6": {"execution_time": 0.13049960136413574, "passed": true}, "7": {"execution_time": 0.10332608222961426, "passed": false}, "8": {"execution_time": 0.1166679859161377, "passed": true}, "9": {"execution_time": 0.11741423606872559, "passed": false}, "10": {"execution_time": 0.10585403442382812, "passed": true}, "11": {"execution_time": 0.12963438034057617, "passed": false}}}, "check_style_score": "0/1"}