{"version": "1", "message": "ERROR: Hidden Testcases server unreachable.", "problem_id": "ads2_m6_a1_1", "user_id": "nikhitha goli 20186105", "score": {"sample": {"0": {"execution_time": 0.9303619861602783, "passed": false}, "1": {"execution_time": 0.12709879875183105, "passed": false}, "2": {"execution_time": 0.14603519439697266, "passed": false}, "3": {"execution_time": 0.15642976760864258, "passed": false}, "4": {"execution_time": 0.15114212036132812, "passed": false}, "5": {"execution_time": 0.1601731777191162, "passed": false}, "6": {"execution_time": 0.14603447914123535, "passed": true}, "7": {"execution_time": 0.15307307243347168, "passed": false}, "8": {"execution_time": 0.12092375755310059, "passed": true}, "9": {"execution_time": 0.12749528884887695, "passed": false}, "10": {"execution_time": 0.1313772201538086, "passed": true}, "11": {"execution_time": 0.13489580154418945, "passed": false}}}, "check_style_score": "0/1"}