{"version": "1", "message": "ERROR: Hidden Testcases server unreachable.", "problem_id": "ads2_m6_a1_1", "user_id": "nikhitha goli 20186105", "score": {"sample": {"0": {"execution_time": 0.14720368385314941, "passed": false}, "1": {"execution_time": 0.17418622970581055, "passed": false}, "2": {"execution_time": 0.1499040126800537, "passed": false}, "3": {"execution_time": 0.15443181991577148, "passed": false}, "4": {"execution_time": 0.19154143333435059, "passed": false}, "5": {"execution_time": 0.16953396797180176, "passed": false}, "6": {"execution_time": 0.1313185691833496, "passed": true}, "7": {"execution_time": 0.18190693855285645, "passed": false}, "8": {"execution_time": 0.12098407745361328, "passed": true}, "9": {"execution_time": 0.1324446201324463, "passed": false}, "10": {"execution_time": 0.11994767189025879, "passed": true}, "11": {"execution_time": 0.15912246704101562, "passed": false}}}, "check_style_score": "0/1"}