{"version": "1", "message": "ERROR: Hidden Testcases server unreachable.", "problem_id": "ads2_m6_a1_1", "user_id": "nikhitha goli 20186105", "score": {"sample": {"0": {"execution_time": 0.11795592308044434, "passed": false}, "1": {"execution_time": 0.14464974403381348, "passed": false}, "2": {"execution_time": 0.1493208408355713, "passed": false}, "3": {"execution_time": 0.12261390686035156, "passed": false}, "4": {"execution_time": 0.15024876594543457, "passed": false}, "5": {"execution_time": 0.13752317428588867, "passed": false}, "6": {"execution_time": 0.12207579612731934, "passed": true}, "7": {"execution_time": 0.15018868446350098, "passed": false}, "8": {"execution_time": 0.10489797592163086, "passed": true}, "9": {"execution_time": 0.11937761306762695, "passed": false}, "10": {"execution_time": 0.13024497032165527, "passed": true}, "11": {"execution_time": 0.14461135864257812, "passed": false}}}, "check_style_score": "0/1"}