{"version": "1", "message": "ERROR: Hidden Testcases server unreachable.", "problem_id": "ads2_m6_a1_1", "user_id": "nikhitha goli 20186105", "score": {"sample": {"0": {"execution_time": 0.12356948852539062, "passed": false}, "1": {"execution_time": 0.12408328056335449, "passed": false}, "2": {"execution_time": 0.16337990760803223, "passed": false}, "3": {"execution_time": 0.1317133903503418, "passed": false}, "4": {"execution_time": 0.14629888534545898, "passed": false}, "5": {"execution_time": 0.12951946258544922, "passed": false}, "6": {"execution_time": 0.13959646224975586, "passed": true}, "7": {"execution_time": 0.12228894233703613, "passed": false}, "8": {"execution_time": 0.12237024307250977, "passed": true}, "9": {"execution_time": 0.1252882480621338, "passed": false}, "10": {"execution_time": 0.11670994758605957, "passed": true}, "11": {"execution_time": 0.12833642959594727, "passed": false}}}, "check_style_score": "0/1"}