{"version": "1", "message": "ERROR: Hidden Testcases server unreachable.", "problem_id": "ads2_m6_a1_1", "user_id": "nikhitha goli 20186105", "score": {"sample": {"0": {"execution_time": 0.1636805534362793, "passed": false}, "1": {"execution_time": 0.16828250885009766, "passed": false}, "2": {"execution_time": 0.1410207748413086, "passed": false}, "3": {"execution_time": 0.14324688911437988, "passed": false}, "4": {"execution_time": 0.15164923667907715, "passed": false}, "5": {"execution_time": 0.1685500144958496, "passed": false}, "6": {"execution_time": 0.13746953010559082, "passed": true}, "7": {"execution_time": 0.13898801803588867, "passed": false}, "8": {"execution_time": 0.1219484806060791, "passed": true}, "9": {"execution_time": 0.11967897415161133, "passed": false}, "10": {"execution_time": 0.14561057090759277, "passed": true}, "11": {"execution_time": 0.13996505737304688, "passed": false}}}, "check_style_score": "0/1"}