{"version": "1", "message": "ERROR: Hidden Testcases server unreachable.", "problem_id": "ads2_m6_a1_1", "user_id": "nikhitha goli 20186105", "score": {"sample": {"0": {"execution_time": 0.13622689247131348, "passed": false}, "1": {"execution_time": 0.1326918601989746, "passed": false}, "2": {"execution_time": 0.11623907089233398, "passed": false}, "3": {"execution_time": 0.10763788223266602, "passed": false}, "4": {"execution_time": 0.12310147285461426, "passed": false}, "5": {"execution_time": 0.11765217781066895, "passed": false}, "6": {"execution_time": 0.1315009593963623, "passed": false}, "7": {"execution_time": 0.16842150688171387, "passed": false}, "8": {"execution_time": 0.13368892669677734, "passed": false}, "9": {"execution_time": 0.11362743377685547, "passed": false}, "10": {"execution_time": 0.11143636703491211, "passed": false}, "11": {"execution_time": 0.14153504371643066, "passed": false}}}, "check_style_score": "0/1"}