{"version": "1", "message": "ERROR: Hidden Testcases server unreachable.", "problem_id": "ads2_m6_a1_1", "user_id": "nikhitha goli 20186105", "score": {"sample": {"0": {"execution_time": 0.12763023376464844, "passed": false}, "1": {"execution_time": 0.14244413375854492, "passed": false}, "2": {"execution_time": 0.14124846458435059, "passed": false}, "3": {"execution_time": 0.13284897804260254, "passed": false}, "4": {"execution_time": 0.17519688606262207, "passed": false}, "5": {"execution_time": 0.15838027000427246, "passed": false}, "6": {"execution_time": 0.12267041206359863, "passed": true}, "7": {"execution_time": 0.1459639072418213, "passed": false}, "8": {"execution_time": 0.125169038772583, "passed": true}, "9": {"execution_time": 0.11900067329406738, "passed": false}, "10": {"execution_time": 0.11276769638061523, "passed": true}, "11": {"execution_time": 0.14080119132995605, "passed": false}}}, "check_style_score": "0/1"}