{"version": "1", "message": "ERROR: Hidden Testcases server unreachable.", "problem_id": "ads2_m6_a1_1", "user_id": "nikhitha goli 20186105", "score": {"sample": {"0": {"execution_time": 0.12940502166748047, "passed": false}, "1": {"execution_time": 0.13302183151245117, "passed": false}, "2": {"execution_time": 0.10955071449279785, "passed": false}, "3": {"execution_time": 0.12599682807922363, "passed": false}, "4": {"execution_time": 0.14576148986816406, "passed": false}, "5": {"execution_time": 0.1375412940979004, "passed": true}, "6": {"execution_time": 0.11165904998779297, "passed": true}, "7": {"execution_time": 0.11743330955505371, "passed": false}, "8": {"execution_time": 0.11953353881835938, "passed": true}, "9": {"execution_time": 0.10889124870300293, "passed": false}, "10": {"execution_time": 0.11435937881469727, "passed": true}, "11": {"execution_time": 0.13329720497131348, "passed": false}}}, "check_style_score": "0/1"}