{"version": "1", "message": "ERROR: Hidden Testcases server unreachable.", "problem_id": "ads2_m6_a1_1", "user_id": "nikhitha goli 20186105", "score": {"sample": {"0": {"execution_time": 0.10906004905700684, "passed": false}, "1": {"execution_time": 0.12652587890625, "passed": false}, "2": {"execution_time": 0.128859281539917, "passed": false}, "3": {"execution_time": 0.11954736709594727, "passed": false}, "4": {"execution_time": 0.11307668685913086, "passed": false}, "5": {"execution_time": 0.104766845703125, "passed": false}, "6": {"execution_time": 0.1099247932434082, "passed": true}, "7": {"execution_time": 0.1299905776977539, "passed": false}, "8": {"execution_time": 0.11803627014160156, "passed": true}, "9": {"execution_time": 0.11563372611999512, "passed": false}, "10": {"execution_time": 0.12041807174682617, "passed": true}, "11": {"execution_time": 0.13170337677001953, "passed": false}}}, "check_style_score": "0/1"}