{"version": "1", "message": "ERROR: Hidden Testcases server unreachable.", "problem_id": "ads2_m6_a1_1", "user_id": "nikhitha goli 20186105", "score": {"sample": {"0": {"execution_time": 0.14515995979309082, "passed": false}, "1": {"execution_time": 0.14153170585632324, "passed": false}, "2": {"execution_time": 0.14143824577331543, "passed": false}, "3": {"execution_time": 0.12362003326416016, "passed": false}, "4": {"execution_time": 0.15364408493041992, "passed": false}, "5": {"execution_time": 0.12697935104370117, "passed": false}, "6": {"execution_time": 0.14200210571289062, "passed": true}, "7": {"execution_time": 0.13613414764404297, "passed": false}, "8": {"execution_time": 0.14278054237365723, "passed": true}, "9": {"execution_time": 0.14207220077514648, "passed": false}, "10": {"execution_time": 0.11774349212646484, "passed": true}, "11": {"execution_time": 0.13015031814575195, "passed": false}}}, "check_style_score": "0/1"}