{"version": "1", "message": "ERROR: Hidden Testcases server unreachable.", "problem_id": "ads2_m6_a1_1", "user_id": "nikhitha goli 20186105", "score": {"sample": {"0": {"execution_time": 0.3249654769897461, "passed": false}, "1": {"execution_time": 0.33853578567504883, "passed": false}, "2": {"execution_time": 0.3562016487121582, "passed": false}, "3": {"execution_time": 0.30887460708618164, "passed": false}, "4": {"execution_time": 0.3633453845977783, "passed": false}, "5": {"execution_time": 0.31566596031188965, "passed": false}, "6": {"execution_time": 0.2907135486602783, "passed": true}, "7": {"execution_time": 0.3222675323486328, "passed": false}, "8": {"execution_time": 0.3219594955444336, "passed": true}, "9": {"execution_time": 0.2872011661529541, "passed": false}, "10": {"execution_time": 0.2690553665161133, "passed": true}, "11": {"execution_time": 0.3254861831665039, "passed": false}}}, "check_style_score": "0/1"}