{"version": "1", "message": "ERROR: Hidden Testcases server unreachable.", "problem_id": "ads2_m6_a1_1", "user_id": "nikhitha goli 20186105", "score": {"sample": {"0": {"execution_time": 0.15460753440856934, "passed": false}, "1": {"execution_time": 0.19902515411376953, "passed": false}, "2": {"execution_time": 0.17634868621826172, "passed": false}, "3": {"execution_time": 0.12806487083435059, "passed": false}, "4": {"execution_time": 0.141571044921875, "passed": false}, "5": {"execution_time": 0.13447856903076172, "passed": false}, "6": {"execution_time": 0.12615466117858887, "passed": true}, "7": {"execution_time": 0.15485572814941406, "passed": false}, "8": {"execution_time": 0.11802101135253906, "passed": true}, "9": {"execution_time": 0.1481034755706787, "passed": false}, "10": {"execution_time": 0.11722493171691895, "passed": true}, "11": {"execution_time": 0.15511560440063477, "passed": false}}}, "check_style_score": "0/1"}