{"version": "1", "message": "ERROR: Hidden Testcases server unreachable.", "problem_id": "ads2_m6_a1_1", "user_id": "nikhitha goli 20186105", "score": {"sample": {"0": {"execution_time": 0.14200162887573242, "passed": false}, "1": {"execution_time": 0.13965749740600586, "passed": false}, "2": {"execution_time": 0.11959218978881836, "passed": false}, "3": {"execution_time": 0.13624906539916992, "passed": false}, "4": {"execution_time": 0.12962841987609863, "passed": false}, "5": {"execution_time": 0.12484431266784668, "passed": true}, "6": {"execution_time": 0.1596381664276123, "passed": true}, "7": {"execution_time": 0.11826062202453613, "passed": false}, "8": {"execution_time": 0.10510444641113281, "passed": true}, "9": {"execution_time": 0.13250017166137695, "passed": false}, "10": {"execution_time": 0.14071106910705566, "passed": true}, "11": {"execution_time": 0.1513059139251709, "passed": false}}}, "check_style_score": "0/1"}