{"version": "1", "message": "ERROR: Hidden Testcases server unreachable.", "problem_id": "ads2_m6_a1_1", "user_id": "nikhitha goli 20186105", "score": {"sample": {"0": {"execution_time": 0.11647582054138184, "passed": false}, "1": {"execution_time": 0.11360478401184082, "passed": false}, "2": {"execution_time": 0.10722756385803223, "passed": false}, "3": {"execution_time": 0.12384915351867676, "passed": false}, "4": {"execution_time": 0.1580052375793457, "passed": false}, "5": {"execution_time": 0.13607168197631836, "passed": true}, "6": {"execution_time": 0.13090968132019043, "passed": true}, "7": {"execution_time": 0.11636519432067871, "passed": false}, "8": {"execution_time": 0.10774946212768555, "passed": true}, "9": {"execution_time": 0.12264752388000488, "passed": false}, "10": {"execution_time": 0.1300041675567627, "passed": true}, "11": {"execution_time": 0.12847685813903809, "passed": false}}}, "check_style_score": "0/1"}