{"version": "1", "message": "ERROR: Hidden Testcases server unreachable.", "problem_id": "ads2_m6_a1_1", "user_id": "nikhitha goli 20186105", "score": {"sample": {"0": {"execution_time": 0.12866735458374023, "passed": false}, "1": {"execution_time": 0.12319636344909668, "passed": false}, "2": {"execution_time": 0.15821194648742676, "passed": false}, "3": {"execution_time": 0.16419386863708496, "passed": false}, "4": {"execution_time": 0.14798521995544434, "passed": false}, "5": {"execution_time": 0.13621997833251953, "passed": false}, "6": {"execution_time": 0.14211702346801758, "passed": true}, "7": {"execution_time": 0.12326478958129883, "passed": false}, "8": {"execution_time": 0.12674832344055176, "passed": true}, "9": {"execution_time": 0.1436142921447754, "passed": false}, "10": {"execution_time": 0.12369966506958008, "passed": true}, "11": {"execution_time": 0.16803598403930664, "passed": false}}}, "check_style_score": "0/1"}