{"version": "1", "message": "ERROR: Hidden Testcases server unreachable.", "problem_id": "ads2_m6_a1_1", "user_id": "nikhitha goli 20186105", "score": {"sample": {"0": {"execution_time": 0.1035909652709961, "passed": false}, "1": {"execution_time": 0.11665058135986328, "passed": false}, "2": {"execution_time": 0.13553524017333984, "passed": false}, "3": {"execution_time": 0.12035608291625977, "passed": false}, "4": {"execution_time": 0.12850117683410645, "passed": false}, "5": {"execution_time": 0.13594603538513184, "passed": false}, "6": {"execution_time": 0.10275483131408691, "passed": true}, "7": {"execution_time": 0.12385892868041992, "passed": false}, "8": {"execution_time": 0.12307548522949219, "passed": true}, "9": {"execution_time": 0.1257786750793457, "passed": false}, "10": {"execution_time": 0.11790084838867188, "passed": true}, "11": {"execution_time": 0.1246802806854248, "passed": false}}}, "check_style_score": "0/1"}