{"version": "1", "message": "ERROR: Hidden Testcases server unreachable.", "problem_id": "ads2_m6_a1_1", "user_id": "nikhitha goli 20186105", "score": {"sample": {"0": {"execution_time": 0.11758065223693848, "passed": false}, "1": {"execution_time": 0.11198234558105469, "passed": false}, "2": {"execution_time": 0.1236579418182373, "passed": false}, "3": {"execution_time": 0.1237332820892334, "passed": false}, "4": {"execution_time": 0.12855792045593262, "passed": false}, "5": {"execution_time": 0.13016796112060547, "passed": false}, "6": {"execution_time": 0.13196206092834473, "passed": true}, "7": {"execution_time": 0.11286592483520508, "passed": false}, "8": {"execution_time": 0.12420058250427246, "passed": true}, "9": {"execution_time": 0.10975432395935059, "passed": false}, "10": {"execution_time": 0.10456156730651855, "passed": true}, "11": {"execution_time": 0.12908935546875, "passed": false}}}, "check_style_score": "0/1"}