{"version": "1", "message": "ERROR: Hidden Testcases server unreachable.", "problem_id": "ads2_m6_a1_1", "user_id": "nikhitha goli 20186105", "score": {"sample": {"0": {"execution_time": 0.11788272857666016, "passed": false}, "1": {"execution_time": 0.12449121475219727, "passed": false}, "2": {"execution_time": 0.14010000228881836, "passed": false}, "3": {"execution_time": 0.1551988124847412, "passed": false}, "4": {"execution_time": 0.14696955680847168, "passed": false}, "5": {"execution_time": 0.18338680267333984, "passed": false}, "6": {"execution_time": 0.12057757377624512, "passed": true}, "7": {"execution_time": 0.13586139678955078, "passed": false}, "8": {"execution_time": 0.11580181121826172, "passed": true}, "9": {"execution_time": 0.12090802192687988, "passed": false}, "10": {"execution_time": 0.148604154586792, "passed": true}, "11": {"execution_time": 0.1510791778564453, "passed": false}}}, "check_style_score": "0/1"}